<?xml version="1.0" encoding="UTF-8"?>
<project-private xmlns="http://www.netbeans.org/ns/project-private/1">
    <editor-bookmarks xmlns="http://www.netbeans.org/ns/editor-bookmarks/2" lastBookmarkId="0"/>
    <open-files xmlns="http://www.netbeans.org/ns/projectui-open-files/2">
        <group>
            <file>file:/C:/Users/Antonella/OneDrive/Escritorio/EDD%20PROYECTO/proyecto2-Avance/src/Interfaces/HistorialHabitaciones.java</file>
            <file>file:/C:/Users/Antonella/OneDrive/Escritorio/EDD%20PROYECTO/proyecto2-Avance/src/proyecto2/EDD/Excel.java</file>
            <file>file:/C:/Users/Antonella/OneDrive/Escritorio/EDD%20PROYECTO/proyecto2-Avance/src/Interfaces/CheckOut.java</file>
            <file>file:/C:/Users/Antonella/OneDrive/Escritorio/EDD%20PROYECTO/proyecto2-Avance/src/Interfaces/BuscarReservacion.java</file>
        </group>
    </open-files>
</project-private>
